producer1@dapixdev,5JPveKrVJzUERxzkxTX24XFxkv1n5UuCtCnYPuWJJGfShomPZZd,FIO6CNGEAbZadPdKwbqWhxaNqHxv1Pc5StNUXYc4heqQC54mCEesZ,gefsgoxnnkny,9039999999999
producer2@dapixdev,5K7HFvrpRG9LkbsDM7Z4jYwmadCzwT6CHeHkewb7Fv9dWMh8zd3,FIO5k2gZugTMPtX3ibvwqHNyiVVLQtNAxqzeY5L58c43YyJnxUrcH,kwfvjihol21j,9000999999999
producer3@dapixdev,5JCxpn3KDgpsjHEFdKfEa6kMAS63YhSPN7EVaNVjoqvrSSNdodo,FIO7oBjwEpKwGWZeSAfpc8yLz6ZLrVhPuNz8cypcspchbo6D82Xqj,zfk5crotnsyx,9030099999999
producer4@dapixdev,5HqdRAfCw5K3BUrnQcxXuiSNU8X5z6p3b8899EsNJGAedEjTTCx,FIO6jfds9WvDfg4WtmkyBM3Dy7fYiywYYPpXUTtNwW51zFgJ8Zddc,nvl5xhcqljma,9000009999999
producer5@dapixdev,5Hy2agXDDfng22gFdi6cKchLVqqR9mmYj2Byo2VqsSdNKR6kWHA,FIO5CoxpExFdrJAMsM2nVaP1YtTNH7EvMSDXLmznfruBMQAxcGPys,dtcvgtrobnzy,9000000099999
producer6@dapixdev,5J83ECwivLbTJKYo2zFDbVDeHi2fXeFjBSHUAeNrvYCN5hMBiYD,FIO6tJDfX9zPF83reKcd14AsmV3bufa2bgaxZMbC6cW7V7PEUBugb,aojtqwlfzega,9030000009999
producer7@dapixdev,5HsDQQpWm1SjiL7vdohQcQ9CwsCDZz3kUQoD8h42LW5zV34pUQ5,FIO6fPP7HfvZbLQTmaRrkCiUSinwRngKUKDyyTQ6LZmhh6hoDeoBJ,d3fc3aylvql5,9000000000999
producer8@dapixdev,5KAnYAquP2WEJLc3sUbkDUan1nVX9vkyVL7pvue3mvdK3Ef894Q,FIO8XaRXHdjMRxF1QnNoz9N5eRfwJBWK6qeRDgGsvqX8QC8vdJ7oR,zgzwot44cfbn,9030000000099
producer9@dapixdev,5JqoADmHBwSLW1JkckfDmiK79RgoQqwpeR4uPd5sWgMKAQyoNkn,FIO8YFkVeCqLuFRxwrRYeTqDn4ZGtpgmMudZuZje3ukwCZF3eUpzf,q2frwzcbl5st,9000000000009
producer10@dapixdev,5KJUwbrJzZiicTzszVhjm5CLqDXwuSZZj44ntN6NL3jGe8rBCrh,FIO5XbjEaQP2v9M5E1PbAKDkY272gm7agDXu5PxeUueagg1fVpehm,o3uqfdavhfiz,8411111111111
producer11@dapixdev,5KieHVz16c8n6HHjCT9iKoLZdzbAMQWM9Y27yyJpfJtRwiiurve,FIO5dgk6zip7yLx6bg5SuRHhq6otcFwon2uUWReMPHBQQdGU69ij1,2pei41ihpcsp,8001111111111
producer12@dapixdev,5Jn35suZT6G6XXGqmV28tFxxsbfo9D7HPpZdAv32zz8ywjL9k9V,FIO68he6KS6ZyRTraBgicjc1xxcsv58ZX3AB1q8BMCsGwUbgdGry1,3rzh3xu2locy,8400111111111
producer13@dapixdev,5JLm6DMuSPWrinM54ZBBtnXnB9jP3qHs3jya7YXk4SFb4XfRoGn,FIO6u3oMVrcnXL6HAgjkne657qtLVq3SLjugJmdWfxRmxAkwZQtJu,cdocrlnfrhgw,8000011111111
producer14@dapixdev,5JiTYfHMcCVEmzSX5tEW67ENosjoDyXeZM14p94a4g6iq9VDtfE,FIO66gYomD7xZNgGAxtBKihWBqof1SL8KrafbnikCehqq9wjLuTup,z11rwqebun4r,8400001111111
producer15@dapixdev,5JBfWomm1HjNR4hRMLGiELTGhKy1YnnF3gTACzzgQtrXAP7VZjM,FIO6HEnD7PQkyFhumGaWLFCFDvwTAypuuVHZQXJHNf5Yvxv2MPktT,rtlnvgguegcq,8000000111111
producer16@dapixdev,5K2sKSwsRwrhp78PdKYDXZgM6RPfjgZw8yW6oKT1ThCfUbTJoDU,FIO6KTQkb5FxJNUYaNbpBWfCNABBUArww7xTYBjSPk3D9TNBhB4PS,w2pnuh52ynqc,8400000011111
producer17@dapixdev,5JzJJHZMH6wHnn3r3vgcWitW5ntcpXpLUuwJFZM2iBXKRxvUMsy,FIO7pmf4nVXZpwCRRe3WoGJnvHfZBZ7Vq25oeFx5jKD4Q9NPS4GCu,24rfmbftb54l,8000000001111
producer18@dapixdev,5JY7KLTywXJndN584qsFrbxN9VTbd3g7Xr2Awpk1FPFjH5LUERC,FIO7mpanacTFd1fHNxj83iqpKM24nUyNbCpkxrsDNyCXN868EwEoJ,vmxqhwxeaq5j,8400000000111
producer19@dapixdev,5KHre5U3AfozAz1Mvp4Tezrdg7hNv3pQRcgTfx48fUy5eaA3jKs,FIO7JYQcn7XqeJwTu5cga8wARpFymsyDG1zCwTxgTPZ73V9j3dWEX,y1ra51h21krr,8000000000011
producer20@dapixdev,5Jyuxk3xGDhKzyUtzToiPW7JaE3vL78rg15zfFdTWBYRhbJKuDS,FIO6L9C6Pkc2KWnaPYpy7RNL8cefXT7ZgWvBW4SQW87NABxrA1wx4,xlawtml2dqm4,8400000000001
producer21@dapixdev,5JNnCRgHnpqNmtpE4jkmJhTs2Hs9J5p2cPKPX8ebcR7H1EGyJEK,FIO53eLbiZf5og4xQHnM1cHCkQYAYMnRFqUuSccrd5PiKQHALndtY,odks4avycfre,8000000000000
